Client_IP,time_arrival,No_of_Attempts,Session_success
192.168.0.100,0.023958921432495117,5,1
192.168.0.103,2.8585331439971924,8,1
192.168.0.103,0.0029768943786621094,2,0
192.168.0.103,2.2948219776153564,7,1
192.168.0.103,2.2948219776153564,8,1
192.168.0.103,0.002866029739379883,4,1
192.168.0.103,0.30345892906188965,5,1
192.168.0.103,0.002866029739379883,8,1
192.168.0.103,7.438168048858643,5,1
192.168.43.128,2.667880058288574,7,0
